[
  {
    "nombre": "Otro (Para extranjeros)",
    "code": "00",
    "municipios": [
      {
        "nombre": "Otro (Para extranjeros)",
        "code": "00",
        "municipios": []
      }
    ]
  },
  {
    "nombre": "Ahuachapán",
    "code": "01",
    "municipios": [
      {
        "nombre": "Ahuachapan Norte",
        "code": "13",
        "distritos": [
          { "nombre": "Atiquizaya" },
          { "nombre": "El Refugio" },
          { "nombre": "San Lorenzo" },
          { "nombre": "Turín" }
        ]
      },
      {
        "nombre": "Ahuachapan Centro",
        "code": "14",
        "distritos": [
          { "nombre": "Ahuachapán" },
          { "nombre": "Apaneca" },
          { "nombre": "Concepción De Ataco" },
          { "nombre": "Tacuba" }
        ]
      },
      {
        "nombre": "Ahuachapan Sur",
        "code": "15",
        "distritos": [
          { "nombre": "Guaymango" },
          { "nombre": "Jujutla" },
          { "nombre": "San Francisco Menéndez" },
          { "nombre": "San Pedro Puxtla" }
        ]
      }
    ]
  },
  {
    "nombre": "Santa Ana",
    "code": "02",
    "municipios": [
      {
        "nombre": "Santa Ana Norte",
        "code": "14",
        "distritos": [
          { "nombre": "Masahuat" },
          { "nombre": "Metapán" },
          { "nombre": "Santa Rosa Guachipilín" },
          { "nombre": "Texistepeque" }
        ]
      },
      {
        "nombre": "Santa Ana Centro",
        "code": "15",
        "distritos": [
          { "nombre": "Santa Ana" }
        ]
      },
      {
        "nombre": "Santa Ana Este",
        "code": "16",
        "distritos": [
          { "nombre": "Coatepeque" },
          { "nombre": "El Congo" }
        ]
      },
      {
        "nombre": "Santa Ana Oeste",
        "code": "17",
        "distritos": [
          { "nombre": "Candelaria De La Frontera" },
          { "nombre": "Chalchuapa" },
          { "nombre": "El Porvenir" },
          { "nombre": "San Antonio Pajonal" },
          { "nombre": "San Sebastián Salitrillo" },
          { "nombre": "Santiago De La Frontera" }
        ]
      }
    ]
  },
  {
    "nombre": "Sonsonate",
    "code": "03",
    "municipios": [
      {
        "nombre": "Sonsonate Norte",
        "code": "17",
        "distritos": [
          { "nombre": "Juayua" },
          { "nombre": "Nahuizalco" },
          { "nombre": "Salcoatitán" },
          { "nombre": "Santa Catarina Masahuat" }
        ]
      },
      {
        "nombre": "Sonsonate Centro",
        "code": "18",
        "distritos": [
          { "nombre": "Sonsonate" },
          { "nombre": "Sonzacate" },
          { "nombre": "Nahulingo" },
          { "nombre": "San Antonio Del Monte" },
          { "nombre": "Santo Domingo De Guzmán" }
        ]
      },
      {
        "nombre": "Sonsonate Este",
        "code": "19",
        "distritos": [
          { "nombre": "Izalco" },
          { "nombre": "Armenia" },
          { "nombre": "Caluco" },
          { "nombre": "San Julián" },
          { "nombre": "Cuisnahuat" },
          { "nombre": "Santa Isabel Ishuatán" }
        ]
      },
      {
        "nombre": "Sonsonate Oeste",
        "code": "20",
        "distritos": [
          { "nombre": "Acajutla" }
        ]
      }
    ]
  },
  {
    "nombre": "Chalatenango",
    "code": "04",
    "municipios": [
      {
        "nombre": "Chalatenango Norte",
        "code": "34",
        "distritos": [
          { "nombre": "La Palma" },
          { "nombre": "Citalá" },
          { "nombre": "San Ignacio" }
        ]
      },
      {
        "nombre": "Chalatenango Centro",
        "code": "35",
        "distritos": [
          { "nombre": "Nueva Concepción" },
          { "nombre": "Tejutla" },
          { "nombre": "La Reina" },
          { "nombre": "Agua Caliente" },
          { "nombre": "Dulce Nombre De María" },
          { "nombre": "El Paraíso" },
          { "nombre": "San Fernando" },
          { "nombre": "San Francisco Morazán" },
          { "nombre": "San Rafael" },
          { "nombre": "Santa Rita" }
        ]
      },
      {
        "nombre": "Chalatenango Sur",
        "code": "36",
        "distritos": [
          { "nombre": "Chalatenango" },
          { "nombre": "Arcatao" },
          { "nombre": "Azacualpa" },
          { "nombre": "Comalapa" },
          { "nombre": "Concepción Quezaltepeque" },
          { "nombre": "El Carrizal" },
          { "nombre": "La Laguna" },
          { "nombre": "Las Vueltas" },
          { "nombre": "Nombre De Jesús" },
          { "nombre": "Nueva Trinidad" },
          { "nombre": "Ojos De Agua" },
          { "nombre": "Potonico" },
          { "nombre": "San Antonio De La Cruz" },
          { "nombre": "San Antonio Los Ranchos" },
          { "nombre": "San Francisco Lempa" },
          { "nombre": "San Isidro Labrador" },
          { "nombre": "San José Cancasque" },
          { "nombre": "San Miguel De Mercedes" },
          { "nombre": "San José Las Flores" },
          { "nombre": "San Luis Del Carmen" }
        ]
      }
    ]
  },
  {
    "nombre": "La Libertad",
    "code": "05",
    "municipios": [
      {
        "nombre": "La Libertad Norte",
        "code": "23",
        "distritos": [
          { "nombre": "Quezaltepeque" },
          { "nombre": "San Matías" },
          { "nombre": "San Pablo Tacachico" }
        ]
      },
      {
        "nombre": "La Libertad Centro",
        "code": "24",
        "distritos": [
          { "nombre": "San Juan Opico" },
          { "nombre": "Ciudad Arce" }
        ]
      },
      {
        "nombre": "La Libertad Oeste",
        "code": "25",
        "distritos": [
          { "nombre": "Colón" },
          { "nombre": "Jayaque" },
          { "nombre": "Sacacoyo" },
          { "nombre": "Tepecoyo" },
          { "nombre": "Talnique" }
        ]
      },
      {
        "nombre": "La Libertad Este",
        "code": "26",
        "distritos": [
          { "nombre": "Antiguo Cuscatlán" },
          { "nombre": "Huizúcar" },
          { "nombre": "Nuevo Cuscatlán" },
          { "nombre": "San José Villanueva" },
          { "nombre": "Zaragoza" }
        ]
      },
      {
        "nombre": "La Libertad Costa",
        "code": "27",
        "distritos": [
          { "nombre": "Chiltiupán" },
          { "nombre": "Jicalapa" },
          { "nombre": "La Libertad" },
          { "nombre": "Tamanique" },
          { "nombre": "Teotepeque" }
        ]
      },
      {
        "nombre": "La Libertad Sur",
        "code": "28",
        "distritos": [
          { "nombre": "Comasagua" },
          { "nombre": "Santa Tecla" }
        ]
      }
    ]
  },
  {
    "nombre": "San Salvador",
    "code": "06",
    "municipios": [
      {
        "nombre": "San Salvador Norte",
        "code": "20",
        "distritos": [
          { "nombre": "Aguilares" },
          { "nombre": "El Paisnal" },
          { "nombre": "Guazapa" }
        ]
      },
      {
        "nombre": "San Salvador Oeste",
        "code": "21",
        "distritos": [
          { "nombre": "Apopa" },
          { "nombre": "Nejapa" }
        ]
      },
      {
        "nombre": "San Salvador Este",
        "code": "22",
        "distritos": [
          { "nombre": "Ilopango" },
          { "nombre": "San Martín" },
          { "nombre": "Soyapango" },
          { "nombre": "Tonacatepeque" }
        ]
      },
      {
        "nombre": "San Salvador Centro",
        "code": "23",
        "distritos": [
          { "nombre": "Ayutuxtepeque" },
          { "nombre": "Mejicanos" },
          { "nombre": "San Salvador" },
          { "nombre": "Cuscatancingo" },
          { "nombre": "Ciudad Delgado" }
        ]
      },
      {
        "nombre": "San Salvador Sur",
        "code": "24",
        "distritos": [
          { "nombre": "Panchimalco" },
          { "nombre": "Rosario De Mora" },
          { "nombre": "San Marcos" },
          { "nombre": "Santo Tomás" },
          { "nombre": "Santiago Texacuangos" }
        ]
      }
    ]
  },
  {
    "nombre": "Cuscatlán",
    "code": "07",
    "municipios": [
      {
        "nombre": "Cuscatlán Norte",
        "code": "17",
        "distritos": [
          { "nombre": "Suchitoto" },
          { "nombre": "San José Guayabal" },
          { "nombre": "Oratorio De Concepción" },
          { "nombre": "San Bartolomé Perulapía" },
          { "nombre": "San Pedro Perulapán" }
        ]
      },
      {
        "nombre": "Cuscatlán Sur",
        "code": "18",
        "distritos": [
          { "nombre": "Cojutepeque" },
          { "nombre": "San Rafael Cedros" },
          { "nombre": "Candelaria" },
          { "nombre": "Monte San Juan" },
          { "nombre": "El Carmen" },
          { "nombre": "San Cristobal" },
          { "nombre": "Santa Cruz Michapa" },
          { "nombre": "San Ramón" },
          { "nombre": "El Rosario" },
          { "nombre": "Santa Cruz Analquito" },
          { "nombre": "Tenancingo" }
        ]
      }
    ]
  },
  {
    "nombre": "La Paz",
    "code": "08",
    "municipios": [
      {
        "nombre": "La Paz Oeste",
        "code": "23",
        "distritos": [
          { "nombre": "Cuyultitan" },
          { "nombre": "Olocuilta" },
          { "nombre": "San Juan Talpa" },
          { "nombre": "San Luis Talpa" },
          { "nombre": "San Pedro Masahuat" },
          { "nombre": "Tapalhuaca" },
          { "nombre": "San Francisco Chinameca" }
        ]
      },
      {
        "nombre": "La Paz Centro",
        "code": "24",
        "distritos": [
          { "nombre": "El Rosario" },
          { "nombre": "Jerusalén" },
          { "nombre": "Mercedes La Ceiba" },
          { "nombre": "Paraíso De Osorio" },
          { "nombre": "San Antonio Masahuat" },
          { "nombre": "San Emigdio" },
          { "nombre": "San Juan Tepezontes" },
          { "nombre": "San Luís La Herradura" },
          { "nombre": "San Miguel Tepezontes" },
          { "nombre": "San Pedro Nonualco" },
          { "nombre": "Santa María Ostuma" },
          { "nombre": "Santiago Nonualco" }
        ]
      },
      {
        "nombre": "La Paz Este",
        "code": "25",
        "distritos": [
          { "nombre": "San Juan Nonualco" },
          { "nombre": "San Rafael Obrajuelo" },
          { "nombre": "Zacatecoluca" }
        ]
      }
    ]
  },
  {
    "nombre": "Cabañas",
    "code": "09",
    "municipios": [
      {
        "nombre": "Cabañas Este",
        "code": "11",
        "distritos": [
          { "nombre": "Sensuntepeque" },
          { "nombre": "Victoria" },
          { "nombre": "Dolores" },
          { "nombre": "Guacotecti" },
          { "nombre": "San Isidro" }
        ]
      },
      {
        "nombre": "Cabañas Oeste",
        "code": "10",
        "distritos": [
          { "nombre": "Ilobasco" },
          { "nombre": "Tejutepeque" },
          { "nombre": "Jutiapa" },
          { "nombre": "Cinquera" }
        ]
      }
    ]
  },
  {
    "nombre": "San Vicente",
    "code": "10",
    "municipios": [
      {
        "nombre": "San Vicente Norte",
        "code": "14",
        "distritos": [
          { "nombre": "Apastepeque" },
          { "nombre": "Santa Clara" },
          { "nombre": "San Ildefonso" },
          { "nombre": "San Esteban Catarina" },
          { "nombre": "San Sebastián" },
          { "nombre": "San Lorenzo" },
          { "nombre": "Santo Domingo" }
        ]
      },
      {
        "nombre": "San Vicente Sur",
        "code": "15",
        "distritos": [
          { "nombre": "San Vicente" },
          { "nombre": "Guadalupe" },
          { "nombre": "Verapaz" },
          { "nombre": "Tepetitán" },
          { "nombre": "Tecoluca" },
          { "nombre": "San Cayetano Istepeque" }
        ]
      }
    ]
  },
  {
    "nombre": "Usulután",
    "code": "11",
    "municipios": [
      {
        "nombre": "Usulután Norte",
        "code": "24",
        "distritos": [
          { "nombre": "Santiago De María" },
          { "nombre": "Alegría" },
          { "nombre": "Berlín" },
          { "nombre": "Mercedes Umaña" },
          { "nombre": "Jucuapa" },
          { "nombre": "El Triunfo" },
          { "nombre": "Estanzuelas" },
          { "nombre": "San Buenaventura" },
          { "nombre": "Nueva Granada" }
        ]
      },
      {
        "nombre": "Usulután Este",
        "code": "25",
        "distritos": [
          { "nombre": "Usulután" },
          { "nombre": "Jucuarán" },
          { "nombre": "San Dionisio" },
          { "nombre": "Concepción Batres" },
          { "nombre": "Santa María" },
          { "nombre": "Ozatlán" },
          { "nombre": "Tecapán" },
          { "nombre": "Santa Elena" },
          { "nombre": "California" },
          { "nombre": "Ereguayquín" }
        ]
      },
      {
        "nombre": "Usulután Oeste",
        "code": "26",
        "distritos": [
          { "nombre": "Jiquilisco" },
          { "nombre": "Puerto El Triunfo" },
          { "nombre": "San Agustín" },
          { "nombre": "San Francisco Javier" }
        ]
      }
    ]
  },
  {
    "nombre": "San Miguel",
    "code": "12",
    "municipios": [
      {
        "nombre": "San Miguel Norte",
        "code": "21",
        "distritos": [
          { "nombre": "Ciudad Barrios" },
          { "nombre": "Sesori" },
          { "nombre": "Nuevo Edén De San Juan" },
          { "nombre": "San Gerardo" },
          { "nombre": "San Luis De La Reina" },
          { "nombre": "Carolina" },
          { "nombre": "San Antonio Del Mosco" },
          { "nombre": "Chapeltique" }
        ]
      },
      {
        "nombre": "San Miguel Centro",
        "code": "22",
        "distritos": [
          { "nombre": "San Miguel" },
          { "nombre": "Comacarán" },
          { "nombre": "Uluazapa" },
          { "nombre": "Moncagua" },
          { "nombre": "Quelepa" },
          { "nombre": "Chirilagua" }
        ]
      },
      {
        "nombre": "San Miguel Oeste",
        "code": "23",
        "distritos": [
          { "nombre": "Chinameca" },
          { "nombre": "Nueva Guadalupe" },
          { "nombre": "Lolotique" },
          { "nombre": "San Jorge" },
          { "nombre": "San Rafael Oriente" },
          { "nombre": "El Tránsito" }
        ]
      }
    ]
  },
  {
    "nombre": "Morazán",
    "code": "13",
    "municipios": [
      {
        "nombre": "Morazán Norte",
        "code": "27",
        "distritos": [
          { "nombre": "Arambala" },
          { "nombre": "Cacaopera" },
          { "nombre": "Corinto" },
          { "nombre": "El Rosario" },
          { "nombre": "Joateca" },
          { "nombre": "Jocoaitique" },
          { "nombre": "Meanguera" },
          { "nombre": "Perquín" },
          { "nombre": "San Fernando" },
          { "nombre": "San Isidro" },
          { "nombre": "Torola" }
        ]
      },
      {
        "nombre": "Morazán Sur",
        "code": "28",
        "distritos": [
          { "nombre": "Chilanga" },
          { "nombre": "Delicias De Concepción" },
          { "nombre": "El Divisadero" },
          { "nombre": "Gualococti" },
          { "nombre": "Guatajiagua" },
          { "nombre": "Jocoro" },
          { "nombre": "Lolotiquillo" },
          { "nombre": "Osicala" },
          { "nombre": "San Carlos" },
          { "nombre": "San Francisco Gotera" },
          { "nombre": "San Simón" },
          { "nombre": "Sensembra" },
          { "nombre": "Sociedad" },
          { "nombre": "Yamabal" },
          { "nombre": "Yoloaiquín" }
        ]
      }
    ]
  },
  {
    "nombre": "La Unión",
    "code": "14",
    "municipios": [
      {
        "nombre": "La Unión Norte",
        "code": "19",
        "distritos": [
          { "nombre": "Anamorós" },
          { "nombre": "Bolivar" },
          { "nombre": "Concepción De Oriente" },
          { "nombre": "El Sauce" },
          { "nombre": "Lislique" },
          { "nombre": "Nueva Esparta" },
          { "nombre": "Pasaquina" },
          { "nombre": "Polorós" },
          { "nombre": "San José La Fuente" },
          { "nombre": "Santa Rosa De Lima" }
        ]
      },
      {
        "nombre": "La Unión Sur",
        "code": "20",
        "distritos": [
          { "nombre": "Conchagua" },
          { "nombre": "El Carmen" },
          { "nombre": "Intipucá" },
          { "nombre": "La Unión" },
          { "nombre": "Meanguera Del Golfo" },
          { "nombre": "San Alejo" },
          { "nombre": "Yayantique" },
          { "nombre": "Yucuaiquín" }
        ]
      }
    ]
  }
]
